<?xml version="1.0"?>
<ReportFormat xmlns:xsi="http://www.w3.org/2001/XMLSchema-instance" xmlns:xsd="http://www.w3.org/2001/XMLSchema">
  <Definition>
    <Title>UK Resting Report 6x2 A4</Title>
    <ReportType ReportTypeValue="RestingECG" />
    <PageType PageTypeValue="NormalPage" />
    <PageOrientation>Landscape</PageOrientation>
  </Definition>
  <SectionPos X="4" Y="0" />
  <DrawPolyLine Name="cal pulse 1 v leads full gain">
    <Condition Param="resting_ecg.vleads_half_gain" Value="false" />
    <MoveTo X="6.5" Y="74.5" OffsetType="Abs" Thickness="Normal" />
    <DrawLineRel X="1" Y="0" OffsetType="Abs" />
    <DrawLineRel X="0" Y="-10" OffsetType="Abs" />
    <DrawLineRel X="2" Y="0" OffsetType="Abs" />
    <DrawLineRel X="0" Y="10" OffsetType="Abs" />
    <DrawLineRel X="1" Y="0" OffsetType="Abs" />
  </DrawPolyLine>
  <DrawPolyLine Name="cal pulse 1 v leads half gain">
    <Condition Param="resting_ecg.vleads_half_gain" Value="true" />
    <MoveTo X="5.5" Y="74.5" OffsetType="Abs" Thickness="Normal" />
    <DrawLineRel X="1" Y="0" OffsetType="Abs" />
    <DrawLineRel X="0" Y="-10" OffsetType="Abs" />
    <DrawLineRel X="2" Y="0" OffsetType="Abs" />
    <DrawLineRel X="0" Y="5" OffsetType="Abs" />
    <DrawLineRel X="2" Y="0" OffsetType="Abs" />
    <DrawLineRel X="0" Y="5" OffsetType="Abs" />
    <DrawLineRel X="1" Y="0" OffsetType="Abs" />
  </DrawPolyLine>
  <DrawPolyLine Name="cal pulse 2 v leads full gain">
    <Condition Param="resting_ecg.vleads_half_gain" Value="false" />
    <MoveTo X="6" Y="52" OffsetType="Abs" Thickness="Normal" />
    <DrawLineRel X="1" Y="0" OffsetType="Abs" />
    <DrawLineRel X="0" Y="-10" OffsetType="Abs" />
    <DrawLineRel X="2" Y="0" OffsetType="Abs" />
    <DrawLineRel X="0" Y="10" OffsetType="Abs" />
    <DrawLineRel X="1" Y="0" OffsetType="Abs" />
  </DrawPolyLine>
  <DrawPolyLine Name="cal pulse 2 v leads half gain">
    <Condition Param="resting_ecg.vleads_half_gain" Value="true" />
    <MoveTo X="5.5" Y="52" OffsetType="Abs" Thickness="Normal" />
    <DrawLineRel X="1" Y="0" OffsetType="Abs" />
    <DrawLineRel X="0" Y="-10" OffsetType="Abs" />
    <DrawLineRel X="2" Y="0" OffsetType="Abs" />
    <DrawLineRel X="0" Y="5" OffsetType="Abs" />
    <DrawLineRel X="2" Y="0" OffsetType="Abs" />
    <DrawLineRel X="0" Y="5" OffsetType="Abs" />
    <DrawLineRel X="1" Y="0" OffsetType="Abs" />
  </DrawPolyLine>
  <DrawPolyLine Name="cal pulse 3 v leads full gain">
    <Condition Param="resting_ecg.vleads_half_gain" Value="false" />
    <MoveTo X="6.5" Y="30.5" OffsetType="Abs" Thickness="Normal" />
    <DrawLineRel X="1" Y="0" OffsetType="Abs" />
    <DrawLineRel X="0" Y="-10" OffsetType="Abs" />
    <DrawLineRel X="2" Y="0" OffsetType="Abs" />
    <DrawLineRel X="0" Y="10" OffsetType="Abs" />
    <DrawLineRel X="1" Y="0" OffsetType="Abs" />
  </DrawPolyLine>
  <DrawPolyLine Name="cal pulse 3 v leads half gain">
    <Condition Param="resting_ecg.vleads_half_gain" Value="true" />
    <MoveTo X="5.5" Y="30" OffsetType="Abs" Thickness="Normal" />
    <DrawLineRel X="1" Y="0" OffsetType="Abs" />
    <DrawLineRel X="0" Y="-10" OffsetType="Abs" />
    <DrawLineRel X="2" Y="0" OffsetType="Abs" />
    <DrawLineRel X="0" Y="5" OffsetType="Abs" />
    <DrawLineRel X="2" Y="0" OffsetType="Abs" />
    <DrawLineRel X="0" Y="5" OffsetType="Abs" />
    <DrawLineRel X="1" Y="0" OffsetType="Abs" />
  </DrawPolyLine>
  <DrawPolyLine Name="cal pulse 4">
    <MoveTo X="7" Y="96" OffsetType="Abs" Thickness="Normal" />
    <DrawLineRel X="1" Y="0" OffsetType="Abs" />
    <DrawLineRel X="0" Y="-10" OffsetType="Abs" />
    <DrawLineRel X="2" Y="0" OffsetType="Abs" />
    <DrawLineRel X="0" Y="10" OffsetType="Abs" />
    <DrawLineRel X="1" Y="0" OffsetType="Abs" />
  </DrawPolyLine>
  <DrawPolyLine Name="cal pulse 3 v leads full gain">
    <Condition Param="resting_ecg.vleads_half_gain" Value="false" />
    <MoveTo X="6.5" Y="119.5" OffsetType="Abs" Thickness="Normal" />
    <DrawLineRel X="1" Y="0" OffsetType="Abs" />
    <DrawLineRel X="0" Y="-10" OffsetType="Abs" />
    <DrawLineRel X="2" Y="0" OffsetType="Abs" />
    <DrawLineRel X="0" Y="10" OffsetType="Abs" />
    <DrawLineRel X="1" Y="0" OffsetType="Abs" />
  </DrawPolyLine>
  <DrawPolyLine Name="cal pulse 3 v leads full gain">
    <Condition Param="resting_ecg.vleads_half_gain" Value="false" />
    <MoveTo X="6" Y="141.5" OffsetType="Abs" Thickness="Normal" />
    <DrawLineRel X="1" Y="0" OffsetType="Abs" />
    <DrawLineRel X="0" Y="-10" OffsetType="Abs" />
    <DrawLineRel X="2" Y="0" OffsetType="Abs" />
    <DrawLineRel X="0" Y="10" OffsetType="Abs" />
    <DrawLineRel X="1" Y="0" OffsetType="Abs" />
  </DrawPolyLine>
  <DrawPolyLine Name="cal pulse 2 v leads half gain">
    <Condition Param="resting_ecg.vleads_half_gain" Value="true" />
    <MoveTo X="6.5" Y="96.5" OffsetType="Abs" Thickness="Normal" />
    <DrawLineRel X="1" Y="0" OffsetType="Abs" />
    <DrawLineRel X="0" Y="-10" OffsetType="Abs" />
    <DrawLineRel X="2" Y="0" OffsetType="Abs" />
    <DrawLineRel X="0" Y="5" OffsetType="Abs" />
    <DrawLineRel X="2" Y="0" OffsetType="Abs" />
    <DrawLineRel X="0" Y="5" OffsetType="Abs" />
    <DrawLineRel X="1" Y="0" OffsetType="Abs" />
  </DrawPolyLine>
  <DrawPolyLine Name="cal pulse 2 v leads half gain">
    <Condition Param="resting_ecg.vleads_half_gain" Value="true" />
    <MoveTo X="5" Y="119" OffsetType="Abs" Thickness="Normal" />
    <DrawLineRel X="1" Y="0" OffsetType="Abs" />
    <DrawLineRel X="0" Y="-10" OffsetType="Abs" />
    <DrawLineRel X="2" Y="0" OffsetType="Abs" />
    <DrawLineRel X="0" Y="5" OffsetType="Abs" />
    <DrawLineRel X="2" Y="0" OffsetType="Abs" />
    <DrawLineRel X="0" Y="5" OffsetType="Abs" />
    <DrawLineRel X="1" Y="0" OffsetType="Abs" />
  </DrawPolyLine>
  <DrawPolyLine Name="cal pulse 2 v leads half gain">
    <Condition Param="resting_ecg.vleads_half_gain" Value="true" />
    <MoveTo X="5" Y="141.5" OffsetType="Abs" Thickness="Normal" />
    <DrawLineRel X="1" Y="0" OffsetType="Abs" />
    <DrawLineRel X="0" Y="-10" OffsetType="Abs" />
    <DrawLineRel X="2" Y="0" OffsetType="Abs" />
    <DrawLineRel X="0" Y="5" OffsetType="Abs" />
    <DrawLineRel X="2" Y="0" OffsetType="Abs" />
    <DrawLineRel X="0" Y="5" OffsetType="Abs" />
    <DrawLineRel X="1" Y="0" OffsetType="Abs" />
  </DrawPolyLine>
  <DrawPolyLine Name="cal pulse 3 v leads full gain">
    <Condition Param="resting_ecg.vleads_half_gain" Value="false" />
    <MoveTo X="6" Y="163.5" OffsetType="Abs" Thickness="Normal" />
    <DrawLineRel X="1" Y="0" OffsetType="Abs" />
    <DrawLineRel X="0" Y="-10" OffsetType="Abs" />
    <DrawLineRel X="2" Y="0" OffsetType="Abs" />
    <DrawLineRel X="0" Y="10" OffsetType="Abs" />
    <DrawLineRel X="1" Y="0" OffsetType="Abs" />
  </DrawPolyLine>
  <DrawPolyLine Name="cal pulse 2 v leads half gain">
    <Condition Param="resting_ecg.vleads_half_gain" Value="true" />
    <MoveTo X="5" Y="163.5" OffsetType="Abs" Thickness="Normal" />
    <DrawLineRel X="1" Y="0" OffsetType="Abs" />
    <DrawLineRel X="0" Y="-10" OffsetType="Abs" />
    <DrawLineRel X="2" Y="0" OffsetType="Abs" />
    <DrawLineRel X="0" Y="5" OffsetType="Abs" />
    <DrawLineRel X="2" Y="0" OffsetType="Abs" />
    <DrawLineRel X="0" Y="5" OffsetType="Abs" />
    <DrawLineRel X="1" Y="0" OffsetType="Abs" />
  </DrawPolyLine>
  <DrawLine X0="0" Y0="0.5" X1="278.5" Y1="0.5" OffsetType="Abs" Thickness="Thick" />
  <DrawLine X0="278.5" Y0="0.5" X1="278.5" Y1="207" OffsetType="Abs" Thickness="Thick" />
  <DrawLine X0="278.5" Y0="207" X1="0" Y1="207" OffsetType="Abs" Thickness="Thick" />
  <DrawLine X0="0" Y0="207" X1="0" Y1="0.5" OffsetType="Abs" Thickness="Thick" />
  <DrawLine X0="0" Y0="9" X1="278.5" Y1="9" OffsetType="Abs" Thickness="Thick" />
  <DrawLine X0="0" Y0="15" X1="278.5" Y1="15" OffsetType="Abs" Thickness="Normal" />
  <DrawLine X0="0.5" Y0="15" X1="279" Y1="15" OffsetType="Abs" Thickness="Normal" />
  <DrawLine X0="0" Y0="170" X1="278.5" Y1="170" OffsetType="Abs" Thickness="Normal" />
  <DrawLine X0="141.5" Y0="16.5" X1="141.5" Y1="146.5" OffsetType="Abs" Thickness="Normal" />
  <DrawLine X0="0" Y0="176" X1="279" Y1="176" OffsetType="Abs" Thickness="Normal" />
  <DrawLine X0="217" Y0="176" X1="217" Y1="207" OffsetType="Abs" Thickness="Normal" />
  <DrawLine X0="44.5" Y0="178" X1="44.5" Y1="197" OffsetType="Abs" Thickness="Normal" />
  <DrawLine X0="108.5" Y0="176" X1="108.5" Y1="207" OffsetType="Abs" Thickness="Normal" />
  <DrawText Name="Report Title">
    <Position X="139" Y="4.5" OffsetType="Abs" />
    <Parameter Number="0" Id="facility" Format="Text" />
    <Alignment Horizontal="Centre" Vertical="Middle" />
    <Font FontType="ArialLargeBold" />
    <Text>
      <Language Name="En-Us">%0 - Relatório de ECG</Language>
    </Text>
  </DrawText>
  <DrawText Name="">
    <Position X="277" Y="8" OffsetType="Abs" />
    <Parameter Number="0" Id="sentinel_version" Format="Text" />
    <Parameter Number="1" Id="recorder_type" Format="Text" />
    <Parameter Number="2" Id="recorder_serialnum" Format="Text" />
    <Alignment Horizontal="Right" Vertical="Below" />
    <Font FontType="ArialSmall" />
    <Text>
      <Language Name="En-Us">Spacelabs Healthcare Sentinel Ver: %0,  %1 Ser Num: %2</Language>
    </Text>
  </DrawText>
  <DrawText Name="">
    <Position X="1.5" Y="205.5" OffsetType="Abs" />
    <Font FontType="ArialSmall" />
    <Text>
      <Language Name="En-Us">Filtro:</Language>
    </Text>
  </DrawText>
  <DrawText Name="">
    <Position X="8.5" Y="205.5" OffsetType="Abs" />
    <Parameter Number="0" Id="resting_ecg.filter" Format="Text" />
    <Font FontType="ArialSmall" />
    <Text>
      <Language Name="En-Us">%0</Language>
    </Text>
  </DrawText>
  <DrawText Name="">
    <Position X="9.5" Y="143.5" OffsetType="Abs" />
    <Parameter Number="0" Id="ecg_speed" Format="Text" />
    <Alignment Horizontal="Centre" Vertical="Middle" />
    <Font FontType="ArialSmall" />
    <Text>
      <Language Name="En-Us">%0 mm/s</Language>
    </Text>
  </DrawText>
  <DrawText Name="">
    <Position X="9.5" Y="122" OffsetType="Abs" />
    <Parameter Number="0" Id="ecg_speed" Format="Text" />
    <Alignment Horizontal="Centre" Vertical="Middle" />
    <Font FontType="ArialSmall" />
    <Text>
      <Language Name="En-Us">%0 mm/s</Language>
    </Text>
  </DrawText>
  <DrawText Name="">
    <Position X="9.5" Y="99" OffsetType="Abs" />
    <Parameter Number="0" Id="ecg_speed" Format="Text" />
    <Alignment Horizontal="Centre" Vertical="Middle" />
    <Font FontType="ArialSmall" />
    <Text>
      <Language Name="En-Us">%0 mm/s</Language>
    </Text>
  </DrawText>
  <DrawText Name="">
    <Position X="9.5" Y="76.5" OffsetType="Abs" />
    <Parameter Number="0" Id="ecg_speed" Format="Text" />
    <Alignment Horizontal="Centre" Vertical="Middle" />
    <Font FontType="ArialSmall" />
    <Text>
      <Language Name="En-Us">%0 mm/s</Language>
    </Text>
  </DrawText>
  <DrawText Name="">
    <Position X="9.5" Y="58" OffsetType="Abs" />
    <Parameter Number="0" Id="ecg_speed" Format="Text" />
    <Alignment Horizontal="Centre" Vertical="Middle" />
    <Font FontType="ArialSmall" />
    <Text>
      <Language Name="En-Us">%0 mm/s</Language>
    </Text>
  </DrawText>
  <DrawText Name="">
    <Position X="9.5" Y="34" OffsetType="Abs" />
    <Parameter Number="0" Id="ecg_speed" Format="Text" />
    <Alignment Horizontal="Centre" Vertical="Middle" />
    <Font FontType="ArialSmall" />
    <Text>
      <Language Name="En-Us">%0 mm/s</Language>
    </Text>
  </DrawText>
  <DrawText Name="">
    <Position X="243.5" Y="21" OffsetType="Abs" />
    <Parameter Number="0" Id="resting_ecg.heart_rate" Format="Text" />
    <Alignment Horizontal="Left" Vertical="Below" />
    <Font FontType="ArialLarge" />
    <Text>
      <Language Name="En-Us">FC: %0 bpm</Language>
    </Text>
  </DrawText>
  <DrawText Name="">
    <Position X="1.5" Y="180.5" OffsetType="Abs" />
    <Font FontType="ArialNormal" />
    <Text>
      <Language Name="En-Us">RR:</Language>
    </Text>
  </DrawText>
  <DrawText Name="">
    <Position X="19.5" Y="180.5" OffsetType="Abs" />
    <Parameter Number="0" Id="resting_ecg.rr" Format="Text" />
    <Font FontType="ArialNormal" />
    <Text>
      <Language Name="En-Us">%0 ms</Language>
    </Text>
  </DrawText>
  <DrawText Name="">
    <Position X="1.5" Y="184.5" OffsetType="Abs" />
    <Font FontType="ArialNormal" />
    <Text>
      <Language Name="En-Us">QRS:</Language>
    </Text>
  </DrawText>
  <DrawText Name="">
    <Position X="19.5" Y="184.5" OffsetType="Abs" />
    <Parameter Number="0" Id="resting_ecg.qrs" Format="Text" />
    <Font FontType="ArialNormal" />
    <Text>
      <Language Name="En-Us">%0 ms</Language>
    </Text>
  </DrawText>
  <DrawText Name="">
    <Position X="1.5" Y="188.5" OffsetType="Abs" />
    <Font FontType="ArialNormal" />
    <Text>
      <Language Name="En-Us">QT/QTc:</Language>
    </Text>
  </DrawText>
  <DrawText Name="">
    <Position X="19.5" Y="188.5" OffsetType="Abs" />
    <Parameter Number="0" Id="resting_ecg.qt" Format="Text" />
    <Parameter Number="1" Id="resting_ecg.qtc" Format="Text" />
    <Font FontType="ArialNormal" />
    <Text>
      <Language Name="En-Us">%0 / %1 ms</Language>
    </Text>
  </DrawText>
  <DrawText Name="">
    <Position X="1.5" Y="192.5" OffsetType="Abs" />
    <Font FontType="ArialNormal" />
    <Text>
      <Language Name="En-Us">P/PQ:</Language>
    </Text>
  </DrawText>
  <DrawText Name="">
    <Position X="19.5" Y="192.5" OffsetType="Abs" />
    <Parameter Number="0" Id="resting_ecg.p" Format="Text" />
    <Parameter Number="1" Id="resting_ecg.pq" Format="Text" />
    <Font FontType="ArialNormal" />
    <Text>
      <Language Name="En-Us">%0 / %1 ms</Language>
    </Text>
  </DrawText>
  <DrawText Name="">
    <Position X="1.5" Y="196.5" OffsetType="Abs" />
    <Font FontType="ArialNormal" />
    <Text>
      <Language Name="En-Us">P/QRS/T:</Language>
    </Text>
  </DrawText>
  <DrawText Name="">
    <Position X="19.5" Y="196.5" OffsetType="Abs" />
    <Parameter Number="0" Id="resting_ecg.axis_p" Format="Text" />
    <Parameter Number="1" Id="resting_ecg.axis_qrs" Format="Text" />
    <Parameter Number="2" Id="resting_ecg.axis_t" Format="Text" />
    <Font FontType="ArialNormal" />
    <Text>
      <Language Name="En-Us">%0° / %1° / %2°</Language>
    </Text>
  </DrawText>
  <DrawText Name="">
    <Position X="277" Y="173" OffsetType="Abs" />
    <Parameter Number="0" Id="recorded_date_time" Format="Text" />
    <Alignment Horizontal="Right" Vertical="Middle" />
    <Font FontType="ArialNormal" />
    <Text>
      <Language Name="En-Us">Data de registo:%0</Language>
    </Text>
  </DrawText>
  <DrawText Name="">
    <Position X="49" Y="196" OffsetType="Abs" />
    <Font FontType="ArialNormalBold" />
    <Text>
      <Language Name="En-Us">Técnico:</Language>
    </Text>
  </DrawText>
  <DrawText Name="">
    <Position X="63.5" Y="196" OffsetType="Abs" />
    <Parameter Number="0" Id="operator" Format="Text" />
    <Font FontType="ArialNormalBold" />
    <Text>
      <Language Name="En-Us">%0</Language>
    </Text>
  </DrawText>
  <DrawText Name="">
    <Position X="249" Y="204" OffsetType="Abs" />
    <Parameter Number="0" Id="referring_physician" Format="Text" />
    <Alignment Horizontal="Centre" Vertical="Middle" />
    <Font FontType="ArialNormal" />
    <Text>
      <Language Name="En-Us">%0</Language>
    </Text>
  </DrawText>
  <DrawText Name="">
    <Position X="1.5" Y="174" OffsetType="Abs" />
    <Parameter Number="0" Id="date_of_birth" Format="Text" />
    <Font FontType="ArialNormal" />
    <Text>
      <Language Name="En-Us">Data de Nascimento: %0</Language>
    </Text>
  </DrawText>
  <DrawText Name="">
    <Position X="59" Y="174" OffsetType="Abs" />
    <Parameter Number="0" Id="patient_age" Format="Text" />
    <Font FontType="ArialNormal" />
    <Text>
      <Language Name="En-Us">Idade: %0</Language>
    </Text>
  </DrawText>
  <DrawText Name="">
    <Position X="92.5" Y="174" OffsetType="Abs" />
    <Parameter Number="0" Id="gender" Format="Text" />
    <Font FontType="ArialNormal" />
    <Text>
      <Language Name="En-Us">Sexo: %0</Language>
    </Text>
  </DrawText>
  <DrawText Name="">
    <Position X="126.5" Y="174" OffsetType="Abs" />
    <Parameter Number="0" Id="weight" Format="Text" />
    <Font FontType="ArialNormal" />
    <Text>
      <Language Name="En-Us">Peso: %0</Language>
    </Text>
  </DrawText>
  <DrawText Name="">
    <Position X="158" Y="174" OffsetType="Abs" />
    <Parameter Number="0" Id="height" Format="Text" />
    <Font FontType="ArialNormal" />
    <Text>
      <Language Name="En-Us">Altura: %0</Language>
    </Text>
  </DrawText>
  <DrawText Name="">
    <Position X="49" Y="180.5" OffsetType="Abs" />
    <Font FontType="ArialNormal" />
    <Text>
      <Language Name="En-Us">Lewis Index:</Language>
      <Language Name="De">Lewis-Index:</Language>
      <Language Name="Nl">Lewis-index:</Language>
      <Language Name="Pl">Wskaźnik Lewisa:</Language>
      <Language Name="Da">Lewis-indeks:</Language>
      <Language Name="Fi">Lewis Index:</Language>
      <Language Name="Fr">Indice de Lewis:</Language>
      <Language Name="Es">Índice Lewis:</Language>
      <Language Name="Sv">Lewis-index:</Language>
      <Language Name="It">Indice Lewis:</Language>
      <Language Name="Pt-Br">Índice de Lewis:</Language>
      <Language Name="Pt-Pt">Índice de Lewis:</Language>
      <Language Name="Zh">Lewis 指数：</Language>
      <Language Name="Ja">ルイス指標：</Language>
      <Language Name="Ru">Индекс Льюиса:</Language>
    </Text>
  </DrawText>
  <DrawText Name="">
    <Position X="90.5" Y="180.5" OffsetType="Abs" />
    <Parameter Number="0" Id="resting_ecg.LewisIndex" Format="Text" />
    <Font FontType="ArialNormal" />
    <Text>
      <Language Name="En-Us">%0</Language>
      <Language Name="De">%0</Language>
      <Language Name="Nl">%0</Language>
      <Language Name="Pl">%0</Language>
      <Language Name="Da">%0</Language>
      <Language Name="Fi">%0</Language>
      <Language Name="Fr">%0</Language>
      <Language Name="Es">%0</Language>
      <Language Name="Sv">%0</Language>
      <Language Name="It">%0</Language>
      <Language Name="Pt-Br">%0</Language>
      <Language Name="Pt-Pt">%0</Language>
      <Language Name="Zh">%0</Language>
      <Language Name="Ja">%0</Language>
      <Language Name="Ru">%0</Language>
    </Text>
  </DrawText>
  <DrawText Name="">
    <Position X="49" Y="185" OffsetType="Abs" />
    <Font FontType="ArialNormal" />
    <Text>
      <Language Name="En-Us">Sokolow-Lyons Index:</Language>
      <Language Name="De">Sokolow-Lyons-Index:</Language>
      <Language Name="Nl">Sokolow-Lyon-index:</Language>
      <Language Name="Pl">Wskaźnik Sokołowa-Lyona:</Language>
      <Language Name="Da">Sokolow-Lyons-indeks:</Language>
      <Language Name="Fi">Sokolow-Lyons Index:</Language>
      <Language Name="Fr">Indice de Sokolow-Lyons:</Language>
      <Language Name="Es">Índice Sokolow-Lyons:</Language>
      <Language Name="Sv">Sokolow-Lyons-index:</Language>
      <Language Name="It">Indice Sokolow-Lyons:</Language>
      <Language Name="Pt-Br">Índice de Sokolow-Lyons:</Language>
      <Language Name="Pt-Pt">Índice de Sokolow-Lyons:</Language>
      <Language Name="Zh">Sokolow-Lyons 指数：</Language>
      <Language Name="Ja">Sokolow-Lyons指標：</Language>
      <Language Name="Ru">Индекс Соколова-Лайона:</Language>
    </Text>
  </DrawText>
  <DrawText Name="">
    <Position X="90.5" Y="185" OffsetType="Abs" />
    <Parameter Number="0" Id="resting_ecg.SokolowIndex" Format="Text" />
    <Font FontType="ArialNormal" />
    <Text>
      <Language Name="En-Us">%0</Language>
      <Language Name="De">%0</Language>
      <Language Name="Nl">%0</Language>
      <Language Name="Pl">%0</Language>
      <Language Name="Da">%0</Language>
      <Language Name="Fi">%0</Language>
      <Language Name="Fr">%0</Language>
      <Language Name="Es">%0</Language>
      <Language Name="Sv">%0</Language>
      <Language Name="It">%0</Language>
      <Language Name="Pt-Br">%0</Language>
      <Language Name="Pt-Pt">%0</Language>
      <Language Name="Zh">%0</Language>
      <Language Name="Ja">%0</Language>
      <Language Name="Ru">%0</Language>
    </Text>
  </DrawText>
  <DrawText Name="">
    <Position X="49" Y="189" OffsetType="Abs" />
    <Font FontType="ArialNormal" />
    <Text>
      <Language Name="En-Us">QTc Algorithm:</Language>
      <Language Name="De">QTc Algorithmus:</Language>
      <Language Name="Nl">QTc Algorithm:</Language>
      <Language Name="Pl">QTc Algorytm:</Language>
      <Language Name="Da">QTc-Algoritme:</Language>
      <Language Name="Fi">QTc Algoritmi:</Language>
      <Language Name="Fr">QTc Algorithme:</Language>
      <Language Name="Es">Algoritmo QTc:</Language>
      <Language Name="Sv">QTc-Algoritm:</Language>
      <Language Name="It">Algoritmo QTc:</Language>
      <Language Name="Pt-Br">Algoritmo QTc:</Language>
      <Language Name="Pt-Pt">Algoritmo QTc:</Language>
      <Language Name="Zh">QTc 算法：</Language>
      <Language Name="Ja">QTcアルゴリズム：</Language>
      <Language Name="Ru">Алгоритм QTc:</Language>
    </Text>
  </DrawText>
  <DrawText Name="">
    <Position X="90.5" Y="189" OffsetType="Abs" />
    <Parameter Number="0" Id="resting_ecq.qtc_algorithm" Format="Text" />
    <Font FontType="ArialNormal" />
    <Text>
      <Language Name="En-Us">%0</Language>
      <Language Name="De">%0</Language>
      <Language Name="Nl">%0</Language>
      <Language Name="Pl">%0</Language>
      <Language Name="Da">%0</Language>
      <Language Name="Fi">%0</Language>
      <Language Name="Fr">%0</Language>
      <Language Name="Es">%0</Language>
      <Language Name="Sv">%0</Language>
      <Language Name="It">%0</Language>
      <Language Name="Pt-Br">%0</Language>
      <Language Name="Pt-Pt">%0</Language>
      <Language Name="Zh">%0</Language>
      <Language Name="Ja">%0</Language>
      <Language Name="Ru">%0</Language>
    </Text>
  </DrawText>
  <DrawText Name="">
    <Position X="163" Y="179" OffsetType="Abs" />
    <Parameter Number="0" Id="resting_ecg.algorithm" Format="Text" />
    <Alignment Horizontal="Centre" Vertical="Middle" />
    <Font FontType="ArialNormalBold" />
    <Text>
      <Language Name="En-Us">Findings and Interpretations (%0)</Language>
      <Language Name="De">Befunde und Auswertungen (%0)</Language>
      <Language Name="Nl">Bevindingen en interpretaties (%0)</Language>
      <Language Name="Pl">Opisy badań (%0)</Language>
      <Language Name="Da">Resultater og interpretationer (%0)</Language>
      <Language Name="Fi">Löydöt ja tulkinnat (%0)</Language>
      <Language Name="Fr">Résultats et interprétation (%0)</Language>
      <Language Name="Es">Hallazgos e interpretaciones (%0)</Language>
      <Language Name="Sv">Slutsatser och tolkningar (%0)</Language>
      <Language Name="It">Interpretazioni e risultati (%0)</Language>
      <Language Name="Pt-Br">Interpretações e Conclusões (%0)</Language>
      <Language Name="Pt-Pt">Interpretações e Conclusões (%0)</Language>
      <Language Name="Zh">结果与解释 (%0)</Language>
      <Language Name="Ja">所見および解釈（%0）</Language>
      <Language Name="Ru">Выводы и интерпретации (%0)</Language>
    </Text>
  </DrawText>
  <DrawText Name="">
    <Position X="110" Y="181.5" OffsetType="Bottom" />
    <Size X="105.5" Y="24" />
    <Parameter Number="0" Id="resting_ecg.interpretation" Format="Text" />
    <Alignment Horizontal="Left" Vertical="Above" />
    <Font FontType="Arial8" />
    <LongComments Filename="UKRestingECGLongComments_a4.xml" />
    <Text>
      <Language Name="En-Us">%0</Language>
    </Text>
  </DrawText>
  <DrawText Name="">
    <Position X="9.5" Y="166" OffsetType="Abs" />
    <Parameter Number="0" Id="ecg_speed" Format="Text" />
    <Alignment Horizontal="Centre" Vertical="Middle" />
    <Font FontType="ArialSmall" />
    <Text>
      <Language Name="En-Us">%0 mm/s</Language>
    </Text>
  </DrawText>
  <DrawText Name="">
    <Position X="2" Y="10.5" OffsetType="Abs" />
    <Parameter Number="0" Id="patient_given_name" Format="Text" />
    <Parameter Number="0" Id="patient_family_name" Format="Text" />
    <Alignment Horizontal="Left" Vertical="Above" />
    <Font FontType="ArialLargeBold" />
    <Text>
      <Language Name="En-Us">Nome: %0 %1</Language>
    </Text>
  </DrawText>
  <DrawText Name="">
    <Position X="129.5" Y="10.5" OffsetType="Abs" />
    <Parameter Number="0" Id="patient_number" Format="Text" />
    <Alignment Horizontal="Left" Vertical="Above" />
    <Font FontType="ArialLargeBold" />
    <Text>
      <Language Name="En-Us">NHC: %0</Language>
    </Text>
  </DrawText>
  <ECGTraceMap Name="">
    <ECGTrace Number="1" SCPCode="I" />
    <ECGTrace Number="2" SCPCode="II" />
    <ECGTrace Number="3" SCPCode="III" />
    <ECGTrace Number="4" SCPCode="AVR" />
    <ECGTrace Number="5" SCPCode="AVL" />
    <ECGTrace Number="6" SCPCode="AVF" />
    <ECGTrace Number="7" SCPCode="V1" />
    <ECGTrace Number="8" SCPCode="V2" />
    <ECGTrace Number="9" SCPCode="V3" />
    <ECGTrace Number="10" SCPCode="V4" />
    <ECGTrace Number="11" SCPCode="V5" />
    <ECGTrace Number="12" SCPCode="V6" />
  </ECGTraceMap>
  <ECGStrip Name="graticule">
    <Position X="0" Y="15" OffsetType="Abs" />
    <Size X="279" Y="154" />
    <TraceNumber Number="1" />
    <Scale EcgScaleType="TimesOne" />
    <Speed EcgSpeedType="ReadFromSentinel" />
    <ShowECG Show="false" />
  </ECGStrip>
  <ECGStrip Name="">
    <Position X="14.5" Y="16.5" OffsetType="Abs" />
    <Size X="125" Y="20" />
    <TraceNumber Number="1" />
    <SeqOffset MilliMetres="0" />
    <SimOffset MilliMetres="0" />
    <Scale EcgScaleType="TimesOne" />
    <Speed EcgSpeedType="ReadFromSentinel" />
    <ShowGraticule Show="false" />
    <ShowCallipers CalliperType="RestingECG" />
  </ECGStrip>
  <ECGStrip Name="">
    <Position X="14.5" Y="38.5" OffsetType="Abs" />
    <Size X="125" Y="20" />
    <TraceNumber Number="2" />
    <SeqOffset MilliMetres="0" />
    <SimOffset MilliMetres="0" />
    <Scale EcgScaleType="TimesOne" />
    <Speed EcgSpeedType="ReadFromSentinel" />
    <ShowGraticule Show="false" />
    <ShowCallipers CalliperType="RestingECG" />
  </ECGStrip>
  <ECGStrip Name="">
    <Position X="14.5" Y="60.5" OffsetType="Abs" />
    <Size X="125" Y="20" />
    <TraceNumber Number="3" />
    <SeqOffset MilliMetres="0" />
    <SimOffset MilliMetres="0" />
    <Scale EcgScaleType="TimesOne" />
    <Speed EcgSpeedType="ReadFromSentinel" />
    <ShowGraticule Show="false" />
    <ShowCallipers CalliperType="RestingECG" />
  </ECGStrip>
  <ECGStrip Name="">
    <Position X="14.5" Y="82.5" OffsetType="Abs" />
    <Size X="125" Y="20" />
    <TraceNumber Number="4" />
    <SeqOffset MilliMetres="62.5" />
    <SimOffset MilliMetres="0" />
    <Scale EcgScaleType="TimesOne" />
    <Speed EcgSpeedType="ReadFromSentinel" />
    <ShowGraticule Show="false" />
    <ShowCallipers CalliperType="RestingECG" />
  </ECGStrip>
  <ECGStrip Name="">
    <Position X="14.5" Y="105" OffsetType="Abs" />
    <Size X="125" Y="20" />
    <TraceNumber Number="5" />
    <SeqOffset MilliMetres="62.5" />
    <SimOffset MilliMetres="0" />
    <Scale EcgScaleType="TimesOne" />
    <Speed EcgSpeedType="ReadFromSentinel" />
    <ShowGraticule Show="false" />
    <ShowCallipers CalliperType="RestingECG" />
  </ECGStrip>
  <ECGStrip Name="">
    <Position X="14.5" Y="127" OffsetType="Abs" />
    <Size X="125" Y="20" />
    <TraceNumber Number="6" />
    <SeqOffset MilliMetres="62.5" />
    <SimOffset MilliMetres="0" />
    <Scale EcgScaleType="TimesOne" />
    <Speed EcgSpeedType="ReadFromSentinel" />
    <ShowGraticule Show="false" />
    <ShowCallipers CalliperType="RestingECG" />
  </ECGStrip>
  <ECGStrip Name="Lead7 full gain">
    <Condition Param="resting_ecg.vleads_half_gain" Value="false" />
    <Position X="144.5" Y="16.5" OffsetType="Abs" />
    <Size X="125" Y="20" />
    <TraceNumber Number="7" />
    <SeqOffset MilliMetres="125" />
    <SimOffset MilliMetres="0" />
    <Scale EcgScaleType="TimesOne" />
    <Speed EcgSpeedType="ReadFromSentinel" />
    <ShowGraticule Show="false" />
    <ShowCallipers CalliperType="RestingECG" />
  </ECGStrip>
  <ECGStrip Name="Lead7 half gain">
    <Condition Param="resting_ecg.vleads_half_gain" Value="true" />
    <Position X="144.5" Y="16.5" OffsetType="Abs" />
    <Size X="125" Y="20" />
    <TraceNumber Number="7" />
    <SeqOffset MilliMetres="125" />
    <SimOffset MilliMetres="0" />
    <Scale EcgScaleType="TimesHalf" />
    <Speed EcgSpeedType="ReadFromSentinel" />
    <ShowGraticule Show="false" />
    <ShowCallipers CalliperType="RestingECG" />
  </ECGStrip>
  <ECGStrip Name="Lead8 full gain">
    <Condition Param="resting_ecg.vleads_half_gain" Value="false" />
    <Position X="144.5" Y="38.5" OffsetType="Abs" />
    <Size X="125" Y="20" />
    <TraceNumber Number="8" />
    <SeqOffset MilliMetres="125" />
    <SimOffset MilliMetres="0" />
    <Scale EcgScaleType="TimesOne" />
    <Speed EcgSpeedType="ReadFromSentinel" />
    <ShowGraticule Show="false" />
    <ShowCallipers CalliperType="RestingECG" />
  </ECGStrip>
  <ECGStrip Name="Lead8 half gain">
    <Condition Param="resting_ecg.vleads_half_gain" Value="true" />
    <Position X="144.5" Y="38.5" OffsetType="Abs" />
    <Size X="125" Y="20" />
    <TraceNumber Number="8" />
    <SeqOffset MilliMetres="125" />
    <SimOffset MilliMetres="0" />
    <Scale EcgScaleType="TimesHalf" />
    <Speed EcgSpeedType="ReadFromSentinel" />
    <ShowGraticule Show="false" />
    <ShowCallipers CalliperType="RestingECG" />
  </ECGStrip>
  <ECGStrip Name="Lead9 full gain">
    <Condition Param="resting_ecg.vleads_half_gain" Value="false" />
    <Position X="144.5" Y="60.5" OffsetType="Abs" />
    <Size X="125" Y="20" />
    <TraceNumber Number="9" />
    <SeqOffset MilliMetres="125" />
    <SimOffset MilliMetres="0" />
    <Scale EcgScaleType="TimesOne" />
    <Speed EcgSpeedType="ReadFromSentinel" />
    <ShowGraticule Show="false" />
    <ShowCallipers CalliperType="RestingECG" />
  </ECGStrip>
  <ECGStrip Name="Lead9 half gain">
    <Condition Param="resting_ecg.vleads_half_gain" Value="true" />
    <Position X="144.5" Y="60.5" OffsetType="Abs" />
    <Size X="125" Y="20" />
    <TraceNumber Number="9" />
    <SeqOffset MilliMetres="125" />
    <SimOffset MilliMetres="0" />
    <Scale EcgScaleType="TimesHalf" />
    <Speed EcgSpeedType="ReadFromSentinel" />
    <ShowGraticule Show="false" />
    <ShowCallipers CalliperType="RestingECG" />
  </ECGStrip>
  <ECGStrip Name="Lead10 full gain">
    <Condition Param="resting_ecg.vleads_half_gain" Value="false" />
    <Position X="144.5" Y="82.5" OffsetType="Abs" />
    <Size X="125" Y="20" />
    <TraceNumber Number="10" />
    <SeqOffset MilliMetres="187.5" />
    <SimOffset MilliMetres="0" />
    <Scale EcgScaleType="TimesOne" />
    <Speed EcgSpeedType="ReadFromSentinel" />
    <ShowGraticule Show="false" />
    <ShowCallipers CalliperType="RestingECG" />
  </ECGStrip>
  <ECGStrip Name="Lead10 half gain">
    <Condition Param="resting_ecg.vleads_half_gain" Value="true" />
    <Position X="144.5" Y="82.5" OffsetType="Abs" />
    <Size X="125" Y="20" />
    <TraceNumber Number="10" />
    <SeqOffset MilliMetres="187.5" />
    <SimOffset MilliMetres="0" />
    <Scale EcgScaleType="TimesHalf" />
    <Speed EcgSpeedType="ReadFromSentinel" />
    <ShowGraticule Show="false" />
    <ShowCallipers CalliperType="RestingECG" />
  </ECGStrip>
  <ECGStrip Name="Lead11 full gain">
    <Condition Param="resting_ecg.vleads_half_gain" Value="false" />
    <Position X="144.5" Y="105" OffsetType="Abs" />
    <Size X="125" Y="20" />
    <TraceNumber Number="11" />
    <SeqOffset MilliMetres="187.5" />
    <SimOffset MilliMetres="0" />
    <Scale EcgScaleType="TimesOne" />
    <Speed EcgSpeedType="ReadFromSentinel" />
    <ShowGraticule Show="false" />
    <ShowCallipers CalliperType="RestingECG" />
  </ECGStrip>
  <ECGStrip Name="Lead11 half gain">
    <Condition Param="resting_ecg.vleads_half_gain" Value="true" />
    <Position X="144.5" Y="105" OffsetType="Abs" />
    <Size X="125" Y="20" />
    <TraceNumber Number="11" />
    <SeqOffset MilliMetres="187.5" />
    <SimOffset MilliMetres="0" />
    <Scale EcgScaleType="TimesHalf" />
    <Speed EcgSpeedType="ReadFromSentinel" />
    <ShowGraticule Show="false" />
    <ShowCallipers CalliperType="RestingECG" />
  </ECGStrip>
  <ECGStrip Name="Lead12 full gain">
    <Condition Param="resting_ecg.vleads_half_gain" Value="false" />
    <Position X="144.5" Y="127" OffsetType="Abs" />
    <Size X="125" Y="20" />
    <TraceNumber Number="12" />
    <SeqOffset MilliMetres="187.5" />
    <SimOffset MilliMetres="0" />
    <Scale EcgScaleType="TimesOne" />
    <Speed EcgSpeedType="ReadFromSentinel" />
    <ShowGraticule Show="false" />
    <ShowCallipers CalliperType="RestingECG" />
  </ECGStrip>
  <ECGStrip Name="Lead12 half gain">
    <Condition Param="resting_ecg.vleads_half_gain" Value="true" />
    <Position X="144.5" Y="127" OffsetType="Abs" />
    <Size X="125" Y="20" />
    <TraceNumber Number="12" />
    <SeqOffset MilliMetres="187.5" />
    <SimOffset MilliMetres="0" />
    <Scale EcgScaleType="TimesHalf" />
    <Speed EcgSpeedType="ReadFromSentinel" />
    <ShowGraticule Show="false" />
    <ShowCallipers CalliperType="RestingECG" />
  </ECGStrip>
  <ECGStrip Name="">
    <Position X="14.5" Y="149" OffsetType="Abs" />
    <Size X="255" Y="20" />
    <TraceNumber Number="2" />
    <SeqOffset MilliMetres="62.5" />
    <SimOffset MilliMetres="0" />
    <Scale EcgScaleType="TimesOne" />
    <Speed EcgSpeedType="ReadFromSentinel" />
    <ShowGraticule Show="false" />
    <ShowCallipers CalliperType="RestingECG" />
  </ECGStrip>
  <DrawBitmap Name="">
    <Position X="87" Y="202" OffsetType="Abs" />
    <Size X="20" Y="4" />
    <BitmapFile Filename="SLHC_Logo_Hor.bmp" />
    <Orientation Angle="0" />
  </DrawBitmap>
  <DrawBitmap Name="">
    <Position X="2" Y="1.5" OffsetType="Abs" />
    <Size X="40" Y="6.5" />
    <BitmapFile Filename="HL.bmp" />
    <Orientation Angle="0" />
  </DrawBitmap>
  <DrawBitmap Name="">
    <Position X="67.5" Y="202" OffsetType="Abs" />
    <Size X="18" Y="4" />
    <BitmapFile Filename="spacelogo.jpeg" />
    <Orientation Angle="0" />
  </DrawBitmap>
</ReportFormat>