<?xml version="1.0"?>
<ReportFormat xmlns:xsi="http://www.w3.org/2001/XMLSchema-instance" xmlns:xsd="http://www.w3.org/2001/XMLSchema">
  <Definition>
    <ReportType ReportTypeValue="RestingECG" />
    <PageType PageTypeValue="NormalPage" />
    <PageOrientation>Landscape</PageOrientation>
  </Definition>
  <SectionPos X="4" Y="0" />
  <DrawLine X0="0" Y0="0.5" X1="278.5" Y1="0.5" OffsetType="Abs" Thickness="Thick" />
  <DrawLine X0="278.5" Y0="0.5" X1="278.5" Y1="198" OffsetType="Abs" Thickness="Thick" />
  <DrawLine X0="278.5" Y0="198" X1="0" Y1="198" OffsetType="Abs" Thickness="Thick" />
  <DrawLine X0="0" Y0="198" X1="0" Y1="0.5" OffsetType="Abs" Thickness="Thick" />
  <DrawLine X0="0" Y0="9" X1="278.5" Y1="9" OffsetType="Abs" Thickness="Thick" />
  <DrawLine X0="0" Y0="14" X1="278.5" Y1="14" OffsetType="Abs" Thickness="Normal" />
  <DrawLine X0="0" Y0="166" X1="278.5" Y1="166" OffsetType="Abs" Thickness="Normal" />
  <DrawLine X0="0" Y0="171" X1="278.5" Y1="171" OffsetType="Abs" Thickness="Normal" />
  <DrawText Name="Report Title">
    <Position X="139.25" Y="4.5" OffsetType="Abs" />
    <Parameter Number="0" Id="facility" Format="Text" />
    <Alignment Horizontal="Centre" Vertical="Middle" />
    <Font FontType="ArialLargeBold" />
    <Text>
      <Language Name="En-Us">%0 - ECG Report</Language>
      <Language Name="De">%0 - EKG-Bericht</Language>
      <Language Name="Nl">%0 - Rapport ECG</Language>
      <Language Name="Pl">%0 - Raport EKG</Language>
      <Language Name="Da">%0 - EKG-rapport</Language>
      <Language Name="Fi">%0 - EKG-raportti</Language>
      <Language Name="Fr">%0 - Rapport d'ECG</Language>
      <Language Name="Es">%0 - Reporte de ECG</Language>
      <Language Name="Es-Es">%0 - Informe de ECG</Language>
      <Language Name="Sv">%0 - EKG-rapport</Language>
      <Language Name="It">%0 - Referto ECG</Language>
      <Language Name="Pt-Br">%0 - Relatório de ECG</Language>
      <Language Name="Pt-Pt">%0 - Relatório de ECG</Language>
      <Language Name="Zh">%0 - ECG 报告</Language>
      <Language Name="Ja">%0 - ECGレポート</Language>
      <Language Name="Ru">%0 — Отчет ЭКГ</Language>
    </Text>
  </DrawText>
  <DrawText Name="">
    <Position X="0" Y="200.5" OffsetType="Abs" />
    <Parameter Number="0" Id="date_time_now" Format="Text" />
    <Font FontType="ArialSmall" />
    <Text>
      <Language Name="En-Us">Generated on %0</Language>
      <Language Name="De">Generiert am %0</Language>
      <Language Name="Nl">Gegenereerd op %0</Language>
      <Language Name="Pl">Utworzone w %0</Language>
      <Language Name="Da">Genereret den %0</Language>
      <Language Name="Fi">Luotu %0</Language>
      <Language Name="Fr">Généré le %0</Language>
      <Language Name="Es">Creado en %0</Language>
      <Language Name="Sv">Genererades %0</Language>
      <Language Name="It">Generato su %0</Language>
      <Language Name="Pt-Br">Criado em %0</Language>
      <Language Name="Pt-Pt">Criado em %0</Language>
      <Language Name="Zh">生成于 %0</Language>
      <Language Name="Ja">作成日%0</Language>
      <Language Name="Ru">Создано %0</Language>
    </Text>
  </DrawText>
  <DrawText Name="">
    <Condition Param="prev_report_signed" Value="true" />
    <Position X="45" Y="200.5" OffsetType="Abs" />
    <Parameter Number="0" Id="prev_signed_by_operator" Format="Text" />
    <Parameter Number="1" Id="prev_signed_date_time" Format="Text" />
    <Parameter Number="2" Id="prev_signed_kind" Format="Text" />
    <Font FontType="ArialSmall" />
    <Text>
      <Language Name="En-Us">Signed by %0 on %1 (%2)</Language>
      <Language Name="De">Signiert von %0 am %1 (%2)</Language>
      <Language Name="Nl">Ondertekend door %0 op %1 (%2)</Language>
      <Language Name="Pl">Podpisane przez %0 w %1 (%2)</Language>
      <Language Name="Da">Underskrevet af %0 den %1 (%2)</Language>
      <Language Name="Fi">Allekirjoittanut %0, %1 (%2)</Language>
      <Language Name="Fr">Signé par %0 le %1 (%2)</Language>
      <Language Name="Es">Firmado por: %0 fecha %1 (%2)</Language>
      <Language Name="Sv">Undertecknades av %0 den %1 (%2)</Language>
      <Language Name="It">Firmato da %0 il %1 (%2)</Language>
      <Language Name="Pt-Br">Assinado por %0 em %1 (%2)</Language>
      <Language Name="Pt-Pt">Assinado por %0 em %1 (%2)</Language>
      <Language Name="Zh">%0 于 %1 签署 (%2)</Language>
      <Language Name="Ja">署名%0（%1）(%2)</Language>
      <Language Name="Ru">Подписано %0, %1 (%2)</Language>
    </Text>
  </DrawText>
  <DrawText Name="">
    <Condition Param="report_signed" Value="true" />
    <Position X="120" Y="200.5" OffsetType="Abs" />
    <Parameter Number="0" Id="signed_by_operator" Format="Text" />
    <Parameter Number="1" Id="signed_date_time" Format="Text" />
    <Parameter Number="2" Id="signed_kind" Format="Text" />
    <Font FontType="ArialSmall" />
    <Text>
      <Language Name="En-Us">Signed by %0 on %1 (%2)</Language>
      <Language Name="De">Signiert von %0 am %1 (%2)</Language>
      <Language Name="Nl">Ondertekend door %0 op %1 (%2)</Language>
      <Language Name="Pl">Podpisane przez %0 w %1 (%2)</Language>
      <Language Name="Da">Underskrevet af %0 den %1 (%2)</Language>
      <Language Name="Fi">Allekirjoittanut %0, %1 (%2)</Language>
      <Language Name="Fr">Signé par %0 le %1 (%2)</Language>
      <Language Name="Es">Firmado por: %0 fecha %1 (%2)</Language>
      <Language Name="Sv">Undertecknades av %0 den %1 (%2)</Language>
      <Language Name="It">Firmato da %0 il %1 (%2)</Language>
      <Language Name="Pt-Br">Assinado por %0 em %1 (%2)</Language>
      <Language Name="Pt-Pt">Assinado por %0 em %1 (%2)</Language>
      <Language Name="Zh">%0 于 %1 签署 (%2)</Language>
      <Language Name="Ja">署名%0（%1）(%2)</Language>
      <Language Name="Ru">Подписано %0, %1 (%2)</Language>
    </Text>
  </DrawText>
  <DrawText Name="">
    <Position X="278.5" Y="200.5" OffsetType="Abs" />
    <Parameter Number="0" Id="sentinel_version" Format="Text" />
    <Parameter Number="1" Id="recorder_type" Format="Text" />
    <Parameter Number="2" Id="recorder_serialnum" Format="Text" />
    <Alignment Horizontal="Right" Vertical="Below" />
    <Font FontType="ArialSmall" />
    <Text>
      <Language Name="En-Us">Spacelabs Healthcare Sentinel Ver: %0,  %1 Ser Num: %2</Language>
      <Language Name="De">Spacelabs Healthcare Sentinel Ver: %0,  %1 Ser Num: %2</Language>
      <Language Name="Nl">Spacelabs Healthcare Sentinel Ver: %0,  %1 Ser Num: %2</Language>
      <Language Name="Pl">Spacelabs Healthcare Sentinel Wersja: %0,  %1 Nr serii: %2</Language>
      <Language Name="Da">Spacelabs Healthcare Sentinel Ver: %0,  %1 Ser Num: %2</Language>
      <Language Name="Fi">Spacelabs Healthcare Sentinel ver: %0,  %1 sarjanro: %2</Language>
      <Language Name="Fr">Spacelabs Healthcare Sentinel Ver: %0,  %1 Nº de série : %2</Language>
      <Language Name="Es">Spacelabs Healthcare Sentinel Ver: %0,  %1 Nº de serie: %2</Language>
      <Language Name="Sv">Spacelabs Healthcare Sentinel vers.: %0,  %1 Serienr: %2</Language>
      <Language Name="It">Spacelabs Healthcare Sentinel Ver: %0,  %1 N. di serie: %2</Language>
      <Language Name="Pt-Br">Spacelabs Healthcare Sentinel Ver: %0,  %1 Nº de Série: %2</Language>
      <Language Name="Pt-Pt">Spacelabs Healthcare Sentinel Ver: %0,  %1 Nº de Série: %2</Language>
      <Language Name="Zh">Spacelabs Healthcare Sentinel 版本：%0、%1 序列号：%2</Language>
      <Language Name="Ja">Spacelabs Healthcare Sentinelバージョン：%0、  %1シリアル番号：%2</Language>
      <Language Name="Ru">Версия Spacelabs Healthcare Sentinel: %0,  %1 Серийный номер: %2</Language>
    </Text>
  </DrawText>
  <DrawText Name="">
    <Position X="2" Y="12.5" OffsetType="Abs" />
    <Parameter Number="0" Id="resting_ecg.algorithm" Format="Text" />
    <Font FontType="ArialNormalBold" />
    <Text>
      <Language Name="En-Us">Findings and Interpretations (%0)</Language>
      <Language Name="De">Befunde und Auswertungen (%0)</Language>
      <Language Name="Nl">Bevindingen en interpretaties (%0)</Language>
      <Language Name="Pl">Opisy badań (%0)</Language>
      <Language Name="Da">Resultater og interpretationer (%0)</Language>
      <Language Name="Fi">Löydöt ja tulkinnat (%0)</Language>
      <Language Name="Fr">Résultats et interprétation (%0)</Language>
      <Language Name="Es">Hallazgos e interpretaciones (%0)</Language>
      <Language Name="Sv">Slutsatser och tolkningar (%0)</Language>
      <Language Name="It">Interpretazioni e risultati (%0)</Language>
      <Language Name="Pt-Br">Interpretações e Conclusões (%0)</Language>
      <Language Name="Pt-Pt">Interpretações e Conclusões (%0)</Language>
      <Language Name="Zh">结果与解释 (%0)</Language>
      <Language Name="Ja">所見および解釈（%0）</Language>
      <Language Name="Ru">Выводы и интерпретации (%0)</Language>
    </Text>
  </DrawText>
  <DrawText Name="">
    <Position X="2" Y="15" OffsetType="Abs" />
    <Size X="275" Y="150" />
    <Parameter Number="0" Id="resting_ecg.interpretation" Format="Text" />
    <Alignment Horizontal="Left" Vertical="Above" />
    <Font FontType="ArialNormal" />
    <LongComments />
    <Text>
      <Language Name="En-Us">%0</Language>
      <Language Name="De">%0</Language>
      <Language Name="Nl">%0</Language>
      <Language Name="Pl">%0</Language>
      <Language Name="Da">%0</Language>
      <Language Name="Fi">%0</Language>
      <Language Name="Fr">%0</Language>
      <Language Name="Es">%0</Language>
      <Language Name="Sv">%0</Language>
      <Language Name="It">%0</Language>
      <Language Name="Pt-Br">%0</Language>
      <Language Name="Pt-Pt">%0</Language>
      <Language Name="Zh">%0</Language>
      <Language Name="Ja">%0</Language>
      <Language Name="Ru">%0</Language>
    </Text>
  </DrawText>
  <DrawText Name="">
    <Position X="2" Y="169.5" OffsetType="Abs" />
    <Font FontType="ArialNormalBold" />
    <Text>
      <Language Name="En-Us">Patient</Language>
      <Language Name="De">Patient</Language>
      <Language Name="Nl">Patiënt</Language>
      <Language Name="Pl">Informacje o pacjencie i badaniu</Language>
      <Language Name="Da">Patient</Language>
      <Language Name="Fi">Potilas</Language>
      <Language Name="Fr">Patient</Language>
      <Language Name="Es">Paciente</Language>
      <Language Name="Sv">Patient</Language>
      <Language Name="It">Paziente</Language>
      <Language Name="Pt-Br">Paciente</Language>
      <Language Name="Pt-Pt">Paciente</Language>
      <Language Name="Zh">患者</Language>
      <Language Name="Ja">患者</Language>
      <Language Name="Ru">Пациент</Language>
    </Text>
  </DrawText>
  <DrawText Name="">
    <Position X="2" Y="175" OffsetType="Abs" />
    <Font FontType="ArialNormal" />
    <Text>
      <Language Name="En-Us">Name:</Language>
      <Language Name="De">Name:</Language>
      <Language Name="Nl">Naam:</Language>
      <Language Name="Pl">Imię i nazwisko:</Language>
      <Language Name="Da">Navn:</Language>
      <Language Name="Fi">Nimi:</Language>
      <Language Name="Fr">Nom :</Language>
      <Language Name="Es">Nombre:</Language>
      <Language Name="Sv">Namn:</Language>
      <Language Name="It">Nome:</Language>
      <Language Name="Pt-Br">Nome:</Language>
      <Language Name="Pt-Pt">Nome:</Language>
      <Language Name="Zh">姓名：</Language>
      <Language Name="Ja">名前：</Language>
      <Language Name="Ru">Имя:</Language>
    </Text>
  </DrawText>
  <DrawText Name="">
    <Position X="35" Y="175" OffsetType="Abs" />
    <Parameter Number="0" Id="patient_last_name_comma_first_name" Format="Text" />
    <Font FontType="ArialNormalBold" />
    <Text>
      <Language Name="En-Us">%0</Language>
      <Language Name="De">%0</Language>
      <Language Name="Nl">%0</Language>
      <Language Name="Pl">%0</Language>
      <Language Name="Da">%0</Language>
      <Language Name="Fi">%0</Language>
      <Language Name="Fr">%0</Language>
      <Language Name="Es">%0</Language>
      <Language Name="Sv">%0</Language>
      <Language Name="It">%0</Language>
      <Language Name="Pt-Br">%0</Language>
      <Language Name="Pt-Pt">%0</Language>
      <Language Name="Zh">%0</Language>
      <Language Name="Ja">%0</Language>
      <Language Name="Ru">%0</Language>
    </Text>
  </DrawText>
  <DrawText Name="">
    <Position X="2" Y="180" OffsetType="Abs" />
    <Font FontType="ArialNormal" />
    <Text>
      <Language Name="En-Us">Patient ID:</Language>
      <Language Name="De">Patienten-ID:</Language>
      <Language Name="Nl">Patiënt-ID:</Language>
      <Language Name="Pl">Nr pacjenta:</Language>
      <Language Name="Da">Patient-ID:</Language>
      <Language Name="Fi">Potilastunnus:</Language>
      <Language Name="Fr">N° du patient :</Language>
      <Language Name="Es">ID paciente:</Language>
      <Language Name="Sv">Patient-ID:</Language>
      <Language Name="It">ID paziente:</Language>
      <Language Name="Pt-Br">ID do paciente:</Language>
      <Language Name="Pt-Pt">ID do paciente:</Language>
      <Language Name="Zh">患者 ID：</Language>
      <Language Name="Ja">患者ID：</Language>
      <Language Name="Ru">№ пациента:</Language>
    </Text>
  </DrawText>
  <DrawText Name="">
    <Position X="35" Y="180" OffsetType="Abs" />
    <Parameter Number="0" Id="patient_number" Format="Text" />
    <Font FontType="ArialNormalBold" />
    <Text>
      <Language Name="En-Us">%0</Language>
      <Language Name="De">%0</Language>
      <Language Name="Nl">%0</Language>
      <Language Name="Pl">%0</Language>
      <Language Name="Da">%0</Language>
      <Language Name="Fi">%0</Language>
      <Language Name="Fr">%0</Language>
      <Language Name="Es">%0</Language>
      <Language Name="Sv">%0</Language>
      <Language Name="It">%0</Language>
      <Language Name="Pt-Br">%0</Language>
      <Language Name="Pt-Pt">%0</Language>
      <Language Name="Zh">%0</Language>
      <Language Name="Ja">%0</Language>
      <Language Name="Ru">%0</Language>
    </Text>
  </DrawText>
  <DrawText Name="">
    <Position X="2" Y="185" OffsetType="Abs" />
    <Font FontType="ArialNormal" />
    <Text>
      <Language Name="En-Us">National ID:</Language>
      <Language Name="En-Gb">NHS number:</Language>
      <Language Name="De">Nationale ID:</Language>
      <Language Name="Nl">Nationale ID:</Language>
      <Language Name="Pl">PESEL:</Language>
      <Language Name="Da">Nationalt id:</Language>
      <Language Name="Fi">National ID:</Language>
      <Language Name="Fr">N° d'Assuré :</Language>
      <Language Name="Es">ID nacional:</Language>
      <Language Name="Sv">Nationellt ID:</Language>
      <Language Name="It">ID nazionale:</Language>
      <Language Name="Pt-Br">ID nacional:</Language>
      <Language Name="Pt-Pt">ID nacional:</Language>
      <Language Name="Zh">身份证号：</Language>
      <Language Name="Ja">国籍ID：</Language>
      <Language Name="Ru">№ паспорта:</Language>
    </Text>
  </DrawText>
  <DrawText Name="">
    <Position X="35" Y="185" OffsetType="Abs" />
    <Parameter Number="0" Id="national_id" Format="Text" />
    <Font FontType="ArialNormalBold" />
    <Text>
      <Language Name="En-Us">%0</Language>
      <Language Name="De">%0</Language>
      <Language Name="Nl">%0</Language>
      <Language Name="Pl">%0</Language>
      <Language Name="Da">%0</Language>
      <Language Name="Fi">%0</Language>
      <Language Name="Fr">%0</Language>
      <Language Name="Es">%0</Language>
      <Language Name="Sv">%0</Language>
      <Language Name="It">%0</Language>
      <Language Name="Pt-Br">%0</Language>
      <Language Name="Pt-Pt">%0</Language>
      <Language Name="Zh">%0</Language>
      <Language Name="Ja">%0</Language>
      <Language Name="Ru">%0</Language>
    </Text>
  </DrawText>
  <DrawText Name="">
    <Position X="2" Y="190" OffsetType="Abs" />
    <Font FontType="ArialNormal" />
    <Text>
      <Language Name="En-Us">Date of birth:</Language>
      <Language Name="De">Geburtsdatum:</Language>
      <Language Name="Nl">Geboortedatum:</Language>
      <Language Name="Pl">Data urodzenia:</Language>
      <Language Name="Da">Fødselsdato:</Language>
      <Language Name="Fi">Syntymäaika:</Language>
      <Language Name="Fr">Date de naissance :</Language>
      <Language Name="Es">Fecha de nacimiento:</Language>
      <Language Name="Sv">Födelsedatum:</Language>
      <Language Name="It">Data di nascita:</Language>
      <Language Name="Pt-Br">Data de Nascimento:</Language>
      <Language Name="Pt-Pt">Data de Nascimento:</Language>
      <Language Name="Zh">出生日期：</Language>
      <Language Name="Ja">生年月日：</Language>
      <Language Name="Ru">Дата рождения:</Language>
    </Text>
  </DrawText>
  <DrawText Name="">
    <Position X="35" Y="190" OffsetType="Abs" />
    <Parameter Number="0" Id="date_of_birth" Format="Text" />
    <Font FontType="ArialNormalBold" />
    <Text>
      <Language Name="En-Us">%0</Language>
      <Language Name="De">%0</Language>
      <Language Name="Nl">%0</Language>
      <Language Name="Pl">%0</Language>
      <Language Name="Da">%0</Language>
      <Language Name="Fi">%0</Language>
      <Language Name="Fr">%0</Language>
      <Language Name="Es">%0</Language>
      <Language Name="Sv">%0</Language>
      <Language Name="It">%0</Language>
      <Language Name="Pt-Br">%0</Language>
      <Language Name="Pt-Pt">%0</Language>
      <Language Name="Zh">%0</Language>
      <Language Name="Ja">%0</Language>
      <Language Name="Ru">%0</Language>
    </Text>
  </DrawText>
  <DrawText Name="">
    <Position X="85" Y="180" OffsetType="Abs" />
    <Font FontType="ArialNormal" />
    <Text>
      <Language Name="En-Us">Age:</Language>
      <Language Name="De">Alter:</Language>
      <Language Name="Nl">Leeftijd:</Language>
      <Language Name="Pl">Wiek:</Language>
      <Language Name="Da">Alder:</Language>
      <Language Name="Fi">Ikä:</Language>
      <Language Name="Fr">Âge :</Language>
      <Language Name="Es">Edad:</Language>
      <Language Name="Sv">Ålder:</Language>
      <Language Name="It">Età:</Language>
      <Language Name="Pt-Br">Idade:</Language>
      <Language Name="Pt-Pt">Idade:</Language>
      <Language Name="Zh">年龄:</Language>
      <Language Name="Ja">年齢：</Language>
      <Language Name="Ru">Возраст:</Language>
    </Text>
  </DrawText>
  <DrawText Name="">
    <Position X="105" Y="180" OffsetType="Abs" />
    <Parameter Number="0" Id="patient_age" Format="Text" />
    <Font FontType="ArialNormalBold" />
    <Text>
      <Language Name="En-Us">%0</Language>
      <Language Name="De">%0</Language>
      <Language Name="Nl">%0</Language>
      <Language Name="Pl">%0</Language>
      <Language Name="Da">%0</Language>
      <Language Name="Fi">%0</Language>
      <Language Name="Fr">%0</Language>
      <Language Name="Es">%0</Language>
      <Language Name="Sv">%0</Language>
      <Language Name="It">%0</Language>
      <Language Name="Pt-Br">%0</Language>
      <Language Name="Pt-Pt">%0</Language>
      <Language Name="Zh">%0</Language>
      <Language Name="Ja">%0</Language>
      <Language Name="Ru">%0</Language>
    </Text>
  </DrawText>
  <DrawText Name="">
    <Position X="85" Y="175" OffsetType="Abs" />
    <Font FontType="ArialNormal" />
    <Text>
      <Language Name="En-Us">Gender:</Language>
      <Language Name="De">Geschlecht:</Language>
      <Language Name="Nl">Geslacht:</Language>
      <Language Name="Pl">Płeć:</Language>
      <Language Name="Da">Køn:</Language>
      <Language Name="Fi">Sukupuoli:</Language>
      <Language Name="Fr">Sexe :</Language>
      <Language Name="Es">Sexo:</Language>
      <Language Name="Sv">Kön:</Language>
      <Language Name="It">Sesso:</Language>
      <Language Name="Pt-Br">Sexo:</Language>
      <Language Name="Pt-Pt">Sexo:</Language>
      <Language Name="Zh">性别：</Language>
      <Language Name="Ja">性別：</Language>
      <Language Name="Ru">Пол:</Language>
    </Text>
  </DrawText>
  <DrawText Name="">
    <Position X="105" Y="175" OffsetType="Abs" />
    <Parameter Number="0" Id="gender" Format="Text" />
    <Font FontType="ArialNormalBold" />
    <Text>
      <Language Name="En-Us">%0</Language>
      <Language Name="De">%0</Language>
      <Language Name="Nl">%0</Language>
      <Language Name="Pl">%0</Language>
      <Language Name="Da">%0</Language>
      <Language Name="Fi">%0</Language>
      <Language Name="Fr">%0</Language>
      <Language Name="Es">%0</Language>
      <Language Name="Sv">%0</Language>
      <Language Name="It">%0</Language>
      <Language Name="Pt-Br">%0</Language>
      <Language Name="Pt-Pt">%0</Language>
      <Language Name="Zh">%0</Language>
      <Language Name="Ja">%0</Language>
      <Language Name="Ru">%0</Language>
    </Text>
  </DrawText>
  <DrawText Name="">
    <Position X="2" Y="195" OffsetType="Abs" />
    <Font FontType="ArialNormal" />
    <Text>
      <Language Name="En-Us">Pacemaker:</Language>
      <Language Name="De">Schrittmacher:</Language>
      <Language Name="Nl">Pacemaker:</Language>
      <Language Name="Pl">Rozrusznik:</Language>
      <Language Name="Da">Pacemaker:</Language>
      <Language Name="Fi">Sydämentahdistin:</Language>
      <Language Name="Fr">Pacemaker :</Language>
      <Language Name="Es">Marcapasos:</Language>
      <Language Name="Sv">Pacemaker:</Language>
      <Language Name="It">Pacemaker:</Language>
      <Language Name="Pt-Br">Marca-passo:</Language>
      <Language Name="Pt-Pt">Pacemaker:</Language>
      <Language Name="Zh">起搏器：</Language>
      <Language Name="Ja">ペースメーカー：</Language>
      <Language Name="Ru">Кардиостимулятор:</Language>
    </Text>
  </DrawText>
  <DrawText Name="">
    <Position X="35" Y="195" OffsetType="Abs" />
    <Parameter Number="0" Id="pacemaker" Format="Text" />
    <Font FontType="ArialNormalBold" />
    <Text>
      <Language Name="En-Us">%0</Language>
      <Language Name="De">%0</Language>
      <Language Name="Nl">%0</Language>
      <Language Name="Pl">%0</Language>
      <Language Name="Da">%0</Language>
      <Language Name="Fi">%0</Language>
      <Language Name="Fr">%0</Language>
      <Language Name="Es">%0</Language>
      <Language Name="Sv">%0</Language>
      <Language Name="It">%0</Language>
      <Language Name="Pt-Br">%0</Language>
      <Language Name="Pt-Pt">%0</Language>
      <Language Name="Zh">%0</Language>
      <Language Name="Ja">%0</Language>
      <Language Name="Ru">%0</Language>
    </Text>
  </DrawText>
  <DrawBitmap Name="">
    <Position X="2.5" Y="1.5" OffsetType="Abs" />
    <Size X="40" Y="6.5" />
    <BitmapFile Filename="HL.bmp" />
    <Orientation Angle="0" />
  </DrawBitmap>
</ReportFormat>