<?xml version = "1.0" encoding = "UTF-8"?>
<StressRequest>
  <Manufacturer></Manufacturer>
  <Version></Version>
  <PatientDemographics>
    <LastName>
      <Value>MARQUES</Value>
      <Label></Label>
    </LastName>
    <FirstName>
      <Value>MADALENA MARIA SILVA</Value>
      <Label></Label>
    </FirstName>
    <MiddleName>
      <Value></Value>
      <Label></Label>
    </MiddleName>
    <ID>
      <Value>102449139</Value>
      <Label></Label>
    </ID>
    <SecondaryID>
      <Value>P000013737242</Value>
      <Label></Label>
    </SecondaryID>   
    <DobEx>
      <Value>1997-02-06</Value>
      <Label></Label>
    </DobEx>
    <Age>
      <Value>22</Value>
      <Units></Units>
      <Label></Label>
    </Age>
<MaxHR>
      <Value></Value>
      <Label></Label>
    </MaxHR>
    <TargetHR>
      <Value></Value>
      <Label></Label>
    </TargetHR>
<TargetWatts>
      <Value></Value>
      <Label></Label>
    </TargetWatts>
    <Gender>
      <Value>Female</Value>
      <Label></Label>
    </Gender>
    <Race>
      <Value></Value>
      <Label></Label>
    </Race>
    <Height>
      <Value></Value>
      <Units></Units>
      <Label></Label>
    </Height>
    <Weight>
      <Value></Value>
      <Units></Units>
      <Label></Label>
    </Weight>
    <Address>
      <Value></Value>
      <Label></Label>
    </Address>
    <City>
      <Value></Value>
      <Label></Label>
    </City>
    <State>
      <Value></Value>
      <Label></Label>
    </State>
    <PostalCode>
      <Value></Value>
      <Label></Label>
    </PostalCode>
    <Country>
      <Value></Value>
      <Label></Label>
    </Country>
    <HomePhone>
      <Value></Value>
      <Label></Label>
    </HomePhone>
    <WorkPhone>
      <Value></Value>
      <Label></Label>
    </WorkPhone>
    <ReferringPhysician>
      <Value></Value>
      <Label></Label>
    </ReferringPhysician>
    <AttendingPhysician>
      <Value></Value>
      <Label></Label>
    </AttendingPhysician>
    <Smoker>
      <Value>Unknown</Value>
      <Label></Label>
    </Smoker>
    <Diabetic>
      <Value>Unknown</Value>
      <Label></Label>
    </Diabetic>
    <HistoryOfMI>
      <Value>Unknown</Value>
      <Label></Label>
    </HistoryOfMI>
    <FamilyHistory>
      <Value>Unknown</Value>
      <Label></Label>
    </FamilyHistory>
    <PriorCABG>
      <Value>Unknown</Value>
      <Label></Label>
    </PriorCABG>
    <PriorCath>
      <Value>Unknown</Value>
      <Label></Label>
    </PriorCath>
    <Angina>
      <Value>None</Value>
      <Label></Label>
    </Angina>
    <Indications>
      <Label></Label>
    </Indications>
    <Medications>
      <Label></Label>
    </Medications>
    <Notes>
      <Label></Label>
    </Notes>
    <MessageID>
      <Value></Value>
      <Label>Message ID:</Label>
    </MessageID>
    <OrderNumber>
      <Value>P000013737242</Value>
      <Label>Order Number:</Label>
    </OrderNumber>
    <BillingCode1>
      <Value></Value>
      <Label>Billing Code 1:</Label>
    </BillingCode1>
    <BillingCode2>
      <Value></Value>
      <Label>Billing Code 2:</Label>
    </BillingCode2>
    <BillingCode3>
      <Value></Value>
      <Label>Billing Code 3:</Label>
    </BillingCode3>
    <ExpansionField1>
      <Value></Value>
      <Label>Expansion Field 1:</Label>
    </ExpansionField1>
    <ExpansionField2>
      <Value></Value>
      <Label>Expansion Field 2:</Label>
    </ExpansionField2>
    <ExpansionField3>
      <Value></Value>
      <Label>Expansion Field 3:</Label>
    </ExpansionField3>
    <ExpansionField4>
      <Value></Value>
      <Label>Expansion Field 4:</Label>
    </ExpansionField4>
  </PatientDemographics>
</StressRequest>
